Region,Date,Cases,Tests,Population,County,newCases,newTests,posFraction,newCases.per1000,newTests.per1000,dailyPos,dailyTests,dailyFractionPos,Cases.per1000,Tests.per1000
Northeastern,2020-03-15,15,NA,1253904,Northeastern,NA,NA,NA,NA,NA,NA,NA,NA,NA,NA
Northeastern,2020-03-16,18,NA,1253904,Northeastern,NA,NA,NA,NA,NA,3,NA,NA,0.00239252765761972,NA
Northeastern,2020-03-17,18,NA,1253904,Northeastern,NA,NA,NA,NA,NA,0,NA,NA,0,NA
Northeastern,2020-03-18,21,NA,1253904,Northeastern,NA,NA,NA,NA,NA,3,NA,NA,0.00239252765761972,NA
Northeastern,2020-03-19,29,NA,1253904,Northeastern,NA,NA,NA,NA,NA,8,NA,NA,0.00638007375365259,NA
Northeastern,2020-03-20,30,NA,1253904,Northeastern,NA,NA,NA,NA,NA,1,NA,NA,0.000797509219206574,NA
Northeastern,2020-03-21,32,NA,1253904,Northeastern,NA,NA,NA,NA,NA,2,NA,NA,0.00159501843841315,NA
Northeastern,2020-03-22,33,NA,1253904,Northeastern,18,NA,NA,0.00205073799224548,NA,1,NA,NA,0.000797509219206574,NA
Northeastern,2020-03-23,33,NA,1253904,Northeastern,15,NA,NA,0.00170894832687123,NA,0,NA,NA,0,NA
Northeastern,2020-03-24,34,NA,1253904,Northeastern,16,NA,NA,0.00182287821532931,NA,1,NA,NA,0.000797509219206574,NA
Northeastern,2020-03-25,37,NA,1253904,Northeastern,16,NA,NA,0.00182287821532931,NA,3,NA,NA,0.00239252765761972,NA
Northeastern,2020-03-26,39,NA,1253904,Northeastern,10,NA,NA,0.00113929888458082,NA,2,NA,NA,0.00159501843841315,NA
Northeastern,2020-03-27,43,NA,1253904,Northeastern,13,NA,NA,0.00148108854995507,NA,4,NA,NA,0.0031900368768263,NA
Northeastern,2020-03-28,48,NA,1253904,Northeastern,16,NA,NA,0.00182287821532931,NA,5,NA,NA,0.00398754609603287,NA
Northeastern,2020-03-29,51,NA,1253904,Northeastern,18,NA,NA,0.00205073799224548,NA,3,NA,NA,0.00239252765761972,NA
Northeastern,2020-03-30,60,1491,1253904,Northeastern,27,NA,NA,0.00307610698836821,NA,9,NA,NA,0.00717758297285917,NA
Northeastern,2020-03-31,72,1710,1253904,Northeastern,38,NA,NA,0.00432933576140712,NA,12,219,0.0547945205479452,0.00957011063047889,0.17465451900624
Northeastern,2020-04-01,83,1874,1253904,Northeastern,46,NA,NA,0.00524077486907177,NA,11,164,0.0670731707317073,0.00877260141127231,0.130791511949878
Northeastern,2020-04-02,105,2134,1253904,Northeastern,66,NA,NA,0.00751937263823341,NA,22,260,0.0846153846153846,0.0175452028225446,0.207352396993709
Northeastern,2020-04-03,124,2440,1253904,Northeastern,81,NA,NA,0.00922832096510464,NA,19,306,0.0620915032679739,0.0151526751649249,0.244037821077212
Northeastern,2020-04-04,137,2712,1253904,Northeastern,89,NA,NA,0.0101397600727693,NA,13,272,0.0477941176470588,0.0103676198496855,0.216922507624188
Northeastern,2020-04-05,154,2861,1253904,Northeastern,103,NA,NA,0.0117347785111824,NA,17,149,0.114093959731544,0.0135576567265118,0.11882887366178
Northeastern,2020-04-06,173,3201,1253904,Northeastern,113,1710,0.0660818713450292,0.0128740773957633,0.19482010926332,19,340,0.0558823529411765,0.0151526751649249,0.271153134530235
Northeastern,2020-04-07,192,3772,1253904,Northeastern,120,2062,0.05819592628516,0.0136715866149698,0.234923430000565,19,571,0.0332749562171629,0.0151526751649249,0.455377764166954
Northeastern,2020-04-08,205,4161,1253904,Northeastern,122,2287,0.0533449934411893,0.013899446391886,0.260557654903634,13,389,0.0334190231362468,0.0103676198496855,0.310231086271357
Northeastern,2020-04-09,215,4324,1253904,Northeastern,110,2190,0.0502283105022831,0.012532287730389,0.2495064557232,10,163,0.0613496932515337,0.00797509219206574,0.129994002730672
Northeastern,2020-04-10,229,4666,1253904,Northeastern,105,2226,0.0471698113207547,0.0119626382880986,0.253607931707691,14,342,0.0409356725146199,0.011165129068892,0.272748152968648
Northeastern,2020-04-11,236,4830,1253904,Northeastern,99,2118,0.046742209631728,0.0112790589573501,0.241303503754218,7,164,0.0426829268292683,0.00558256453444602,0.130791511949878
Northeastern,2020-04-12,251,5033,1253904,Northeastern,97,2172,0.0446593001841621,0.011051199180434,0.247455717730954,15,203,0.0738916256157636,0.0119626382880986,0.161894371498935
Northeastern,2020-04-13,268,5278,1253904,Northeastern,95,2077,0.045739046701974,0.0108233394035178,0.236632378327436,17,245,0.0693877551020408,0.0135576567265118,0.195389758705611
Northeastern,2020-04-14,296,5582,1253904,Northeastern,104,1810,0.0574585635359116,0.0118487083996405,0.206213098109128,28,304,0.0921052631578947,0.0223302581377841,0.242442802638799
Northeastern,2020-04-15,320,5813,1253904,Northeastern,115,1652,0.0696125907990315,0.0131019371726794,0.188212175732751,24,231,0.103896103896104,0.0191402212609578,0.184224629636719
Northeastern,2020-04-16,348,6068,1253904,Northeastern,133,1744,0.0762614678899083,0.0151526751649249,0.198693725470895,28,255,0.109803921568627,0.0223302581377841,0.203364850897676
Northeastern,2020-04-17,396,6355,1253904,Northeastern,167,1689,0.0988750740082889,0.0190262913724997,0.192427581605701,48,287,0.167247386759582,0.0382804425219156,0.228885145912287
Northeastern,2020-04-18,430,6627,1253904,Northeastern,194,1797,0.107957707289928,0.0221023983608679,0.204732009559173,34,272,0.125,0.0271153134530235,0.216922507624188
Northeastern,2020-04-19,447,6826,1253904,Northeastern,196,1793,0.109313998884551,0.0223302581377841,0.204276290005341,17,199,0.085427135678392,0.0135576567265118,0.158704334622108
Northeastern,2020-04-20,525,7095,1253904,Northeastern,257,1817,0.141441937259218,0.0292799813337271,0.207010607328335,78,269,0.28996282527881,0.0622057190981128,0.214529979966568
Northeastern,2020-04-21,555,7329,1253904,Northeastern,259,1747,0.14825414997138,0.0295078411106432,0.199035515136269,30,234,0.128205128205128,0.0239252765761972,0.186617157294338
Northeastern,2020-04-22,650,7678,1253904,Northeastern,330,1865,0.176943699731903,0.0375968631911671,0.212479241974323,95,349,0.272206303724928,0.0757633758246245,0.278330717503094
Northeastern,2020-04-23,711,8064,1253904,Northeastern,363,1996,0.18186372745491,0.0413565495102838,0.227404057362332,61,386,0.158031088082902,0.048648062371601,0.307838558613738
Northeastern,2020-04-24,873,8741,1253904,Northeastern,477,2386,0.199916177703269,0.0543445567945051,0.271836713860984,162,677,0.239290989660266,0.129196493511465,0.539913741402851
Northeastern,2020-04-25,993,9398,1253904,Northeastern,563,2771,0.203175748827138,0.0641425272019002,0.315699720917345,120,657,0.182648401826484,0.0957011063047889,0.523963557018719
Northeastern,2020-04-26,1057,9734,1253904,Northeastern,610,2908,0.209766162310867,0.06949723195943,0.331308115636102,64,336,0.19047619047619,0.0510405900292207,0.267963097653409
Northeastern,2020-04-27,1141,10358,1253904,Northeastern,616,3263,0.188783328225559,0.0701808112901785,0.371753226038722,84,624,0.134615384615385,0.0669907744133522,0.497645752784902
Northeastern,2020-04-28,1215,10741,1253904,Northeastern,660,3412,0.193434935521688,0.0751937263823341,0.388728779418976,74,383,0.193211488250653,0.0590156822212865,0.305446030956118
Northeastern,2020-04-29,1280,11288,1253904,Northeastern,630,3610,0.174515235457064,0.0717758297285917,0.411286897333676,65,547,0.118829981718464,0.0518380992484273,0.436237542905996
Northeastern,2020-04-30,1373,12011,1253904,Northeastern,662,3947,0.167722320749937,0.0754215861592503,0.44968126974405,93,723,0.128630705394191,0.0741683573862114,0.576599165486353
Northeastern,2020-05-01,1527,12827,1253904,Northeastern,654,4086,0.160058737151248,0.0745101470515856,0.465517524239723,154,816,0.188725490196078,0.122816419757812,0.650767522872564
Northeastern,2020-05-02,1644,13661,1253904,Northeastern,651,4263,0.152709359605911,0.0741683573862114,0.485683114496804,117,834,0.140287769784173,0.0933085786471692,0.665122688818283
Northeastern,2020-05-03,1748,14152,1253904,Northeastern,691,4418,0.156405613399728,0.0787255529245347,0.503342247207806,104,491,0.211812627291242,0.0829409587974837,0.391577026630428
Northeastern,2020-05-04,1857,14617,1253904,Northeastern,716,4259,0.168114580887532,0.0815738001359867,0.485227394942971,109,465,0.234408602150538,0.0869285048935166,0.370841786931057
Northeastern,2020-05-05,1984,15834,1253904,Northeastern,769,5093,0.150991557039073,0.0876120842242651,0.580244921917012,127,1217,0.104354971240756,0.101283670839235,0.970568719774401
Northeastern,2020-05-06,2119,16942,1253904,Northeastern,839,5654,0.148390519985851,0.0955871764163308,0.644159589341996,135,1108,0.121841155234657,0.107663744592887,0.883640214880884
Northeastern,2020-05-07,2198,18323,1253904,Northeastern,825,6312,0.130703422053232,0.0939921579779176,0.719125455947414,79,1381,0.057204923968139,0.0630032283173193,1.10136023172428
Northeastern,2020-05-08,2306,19303,1253904,Northeastern,779,6476,0.12029030265596,0.0887513831088459,0.737809957654539,108,980,0.110204081632653,0.08613099567431,0.781559034822443
Northeastern,2020-05-09,2388,20096,1253904,Northeastern,744,6435,0.115617715617716,0.084763837012813,0.733138832227758,82,793,0.103404791929382,0.0653957559749391,0.632424810830813
Northeastern,2020-05-10,2470,20644,1253904,Northeastern,722,6492,0.111213801601972,0.0822573794667352,0.739632835869868,82,548,0.14963503649635,0.0653957559749391,0.437035052125203
Northeastern,2020-05-11,2523,21234,1253904,Northeastern,666,6617,0.100649841317818,0.0758773057130826,0.753874071927129,53,590,0.0898305084745763,0.0422679886179484,0.470530439331879
Northeastern,2020-05-12,2568,22811,1253904,Northeastern,584,6977,0.0837035975347571,0.0665350548595199,0.794888831772038,45,1577,0.0285351934051997,0.0358879148642958,1.25767203868877
Northeastern,2020-05-13,2608,23898,1253904,Northeastern,489,6956,0.070299022426682,0.0557117154560021,0.792496304114419,40,1087,0.0367985280588776,0.031900368768263,0.866892521277546
Northeastern,2020-05-14,2646,25186,1253904,Northeastern,448,6863,0.0652775754043421,0.0510405900292207,0.781900824487817,38,1288,0.0295031055900621,0.0303053503298498,1.02719187433807
Northeastern,2020-05-15,2712,26436,1253904,Northeastern,406,7133,0.056918547595682,0.0462555347139813,0.812661894371499,66,1250,0.0528,0.0526356084676339,0.996886524008217
Northeastern,2020-05-16,2775,28074,1253904,Northeastern,387,7978,0.0485083980947606,0.0440908668332777,0.908932650118578,63,1638,0.0384615384615385,0.0502430808100142,1.30632010106037
Northeastern,2020-05-17,2831,29527,1253904,Northeastern,361,8883,0.040639423618147,0.0411286897333676,1.01203919917314,56,1453,0.0385409497591191,0.0446605162755681,1.15878089550715
Northeastern,2020-05-18,2850,31313,1253904,Northeastern,327,10079,0.0324436948109932,0.0372550735257928,1.14829934576901,19,1786,0.0106382978723404,0.0151526751649249,1.42435146550294
Northeastern,2020-05-19,2882,32209,1253904,Northeastern,314,9398,0.0334113641200255,0.0357739849758377,1.07071309172905,32,896,0.0357142857142857,0.0255202950146104,0.71456826040909
Northeastern,2020-05-20,2929,34258,1253904,Northeastern,321,10360,0.030984555984556,0.0365714941950443,1.18031364442573,47,2049,0.022938018545632,0.037482933302709,1.63409639015427
Northeastern,2020-05-21,2996,37467,1253904,Northeastern,350,12281,0.0284993078739516,0.0398754609603287,1.39917296015371,67,3209,0.0208787784356497,0.0534331176868405,2.5592070844339
Northeastern,2020-05-22,3076,40207,1253904,Northeastern,364,13771,0.0264323578534602,0.0414704793987419,1.56892849395625,80,2740,0.0291970802919708,0.0638007375365259,2.18517526062601
Northeastern,2020-05-23,3140,42229,1253904,Northeastern,365,14155,0.0257859413634758,0.0415844092871999,1.61267757112415,64,2022,0.0316518298714144,0.0510405900292207,1.61256364123569
Northeastern,2020-05-24,3168,44358,1253904,Northeastern,337,14831,0.0227226754770413,0.0383943724103736,1.68969417572181,28,2129,0.0131517144199155,0.0223302581377841,1.6978971276908
Northeastern,2020-05-25,3205,46227,1253904,Northeastern,355,14914,0.0238031379911493,0.0404451104026191,1.69915035646384,37,1869,0.019796682718031,0.0295078411106432,1.49054473069709
Northeastern,2020-05-26,3232,48035,1253904,Northeastern,350,15826,0.0221155061291546,0.0398754609603287,1.80305441473761,27,1808,0.0149336283185841,0.0215327489185775,1.44189666832549
Northeastern,2020-05-27,3292,50737,1253904,Northeastern,363,16479,0.0220280356817768,0.0413565495102838,1.87745063190073,60,2702,0.0222057735011103,0.0478505531523944,2.15486991029616
Northeastern,2020-05-28,3334,53720,1253904,Northeastern,338,16253,0.0207961607087922,0.0385083022988317,1.85170247710921,42,2983,0.0140797854508884,0.0334953872066761,2.37897000089321
Northeastern,2020-05-29,3382,57070,1253904,Northeastern,306,16863,0.0181462373243195,0.0348625458681731,1.92119970906864,48,3350,0.0143283582089552,0.0382804425219156,2.67165588434202
Northeastern,2020-05-30,3442,59661,1253904,Northeastern,302,17432,0.0173244607618173,0.0344068263143408,1.98602581560129,60,2591,0.0231570822076418,0.0478505531523944,2.06634638696423
Northeastern,2020-05-31,3470,60810,1253904,Northeastern,302,16452,0.0183564308290785,0.0344068263143408,1.87437452491237,28,1149,0.0243690165361184,0.0223302581377841,0.916338092868354
Northeastern,2020-06-01,3483,61479,1253904,Northeastern,278,15252,0.0182271177550485,0.0316725089913468,1.73765865876267,13,669,0.0194319880418535,0.0103676198496855,0.533533667649198
Northeastern,2020-06-02,3533,63727,1253904,Northeastern,301,15692,0.0191817486617385,0.0342928964258827,1.78778780968422,50,2248,0.0222419928825623,0.0398754609603287,1.79280072477638
Northeastern,2020-06-03,3589,67103,1253904,Northeastern,297,16366,0.0181473787119638,0.0338371768720504,1.86457655450497,56,3376,0.0165876777251185,0.0446605162755681,2.69239112404139
Northeastern,2020-06-04,3645,70164,1253904,Northeastern,311,16444,0.018912673315495,0.0354321953104635,1.8734630858047,56,3061,0.0182946749428291,0.0446605162755681,2.44117571999132
Northeastern,2020-06-05,3694,72947,1253904,Northeastern,312,15877,0.0196510675820369,0.0355461251989216,1.80886483904897,49,2783,0.0176068990298239,0.0390779517411221,2.2194681570519
Northeastern,2020-06-06,3749,75244,1253904,Northeastern,307,15583,0.0197009561701855,0.0349764757566312,1.77536945184229,55,2297,0.0239442751414889,0.0438630070563616,1.8318786765175
Northeastern,2020-06-07,3804,77720,1253904,Northeastern,334,16910,0.0197516262566529,0.0380525827449994,1.92655441382617,55,2476,0.0222132471728595,0.0438630070563616,1.97463282675548
Northeastern,2020-06-08,3834,79653,1253904,Northeastern,351,18174,0.01931330472103,0.0399893908487868,2.07056179283718,30,1933,0.0155199172271081,0.0239252765761972,1.54158532072631
Northeastern,2020-06-09,3917,83391,1253904,Northeastern,384,19664,0.0195280716029292,0.0437490771679035,2.24031732663972,83,3738,0.0222043873729267,0.0661932651941456,2.98108946139417
Northeastern,2020-06-10,3966,85164,1253904,Northeastern,377,18061,0.020873705774874,0.0429515679486969,2.05768771544142,49,1773,0.0276367738296672,0.0390779517411221,1.41398384565326
Northeastern,2020-06-11,4031,87568,1253904,Northeastern,386,17404,0.0221788094690876,0.0439769369448196,1.98283577872446,65,2404,0.0270382695507488,0.0518380992484273,1.9172121629726
Northeastern,2020-06-12,4097,89850,1253904,Northeastern,403,16903,0.0238419215523872,0.045913745048607,1.92575690460696,66,2282,0.0289219982471516,0.0526356084676339,1.8199160382294
Northeastern,2020-06-13,4173,92185,1253904,Northeastern,424,16941,0.025028038486512,0.0483062727062268,1.93008624036837,76,2335,0.0325481798715203,0.0606107006596996,1.86218402684735
Northeastern,2020-06-14,4227,94473,1253904,Northeastern,423,16753,0.0252492090968782,0.0481923428177687,1.90866742133825,54,2288,0.0236013986013986,0.043065497837155,1.82470109354464
Northeastern,2020-06-15,4261,96252,1253904,Northeastern,427,16599,0.0257244412313995,0.048648062371601,1.8911222185157,34,1779,0.0191118605958404,0.0271153134530235,1.4187689009685
Northeastern,2020-06-16,4309,98174,1253904,Northeastern,392,14783,0.0265169451396875,0.0446605162755681,1.68422554107583,48,1922,0.0249739854318418,0.0382804425219156,1.53281271931504
Northeastern,2020-06-17,4359,100295,1253904,Northeastern,393,15131,0.0259731676690239,0.0447744461640262,1.72387314225924,50,2121,0.0235737859500236,0.0398754609603287,1.69151705393714
Northeastern,2020-06-18,4425,102528,1253904,Northeastern,394,14960,0.0263368983957219,0.0448883760524843,1.70439113133291,66,2233,0.0295566502463054,0.0526356084676339,1.78083808648828
Northern,2020-03-15,0,NA,483871,Northern,NA,NA,NA,NA,NA,NA,NA,NA,NA,NA
Northern,2020-03-16,1,NA,483871,Northern,NA,NA,NA,NA,NA,1,NA,NA,0.0020666665288889,NA
Northern,2020-03-17,1,NA,483871,Northern,NA,NA,NA,NA,NA,0,NA,NA,0,NA
Northern,2020-03-18,1,NA,483871,Northern,NA,NA,NA,NA,NA,0,NA,NA,0,NA
Northern,2020-03-19,2,NA,483871,Northern,NA,NA,NA,NA,NA,1,NA,NA,0.0020666665288889,NA
Northern,2020-03-20,3,NA,483871,Northern,NA,NA,NA,NA,NA,1,NA,NA,0.0020666665288889,NA
Northern,2020-03-21,3,NA,483871,Northern,NA,NA,NA,NA,NA,0,NA,NA,0,NA
Northern,2020-03-22,3,NA,483871,Northern,3,NA,NA,0.000885714226666671,NA,0,NA,NA,0,NA
Northern,2020-03-23,3,NA,483871,Northern,2,NA,NA,0.000590476151111114,NA,0,NA,NA,0,NA
Northern,2020-03-24,3,NA,483871,Northern,2,NA,NA,0.000590476151111114,NA,0,NA,NA,0,NA
Northern,2020-03-25,3,NA,483871,Northern,2,NA,NA,0.000590476151111114,NA,0,NA,NA,0,NA
Northern,2020-03-26,5,NA,483871,Northern,3,NA,NA,0.000885714226666671,NA,2,NA,NA,0.0041333330577778,NA
Northern,2020-03-27,9,NA,483871,Northern,6,NA,NA,0.00177142845333334,NA,4,NA,NA,0.00826666611555559,NA
Northern,2020-03-28,10,NA,483871,Northern,7,NA,NA,0.0020666665288889,NA,1,NA,NA,0.0020666665288889,NA
Northern,2020-03-29,10,NA,483871,Northern,7,NA,NA,0.0020666665288889,NA,0,NA,NA,0,NA
Northern,2020-03-30,14,757,483871,Northern,11,NA,NA,0.00324761883111113,NA,4,NA,NA,0.00826666611555559,NA
Northern,2020-03-31,16,854,483871,Northern,13,NA,NA,0.00383809498222224,NA,2,97,0.0206185567010309,0.0041333330577778,0.200466653302223
Northern,2020-04-01,19,920,483871,Northern,16,NA,NA,0.00472380920888891,NA,3,66,0.0454545454545455,0.00619999958666669,0.136399990906667
Northern,2020-04-02,23,991,483871,Northern,18,NA,NA,0.00531428536000002,NA,4,71,0.0563380281690141,0.00826666611555559,0.146733323551112
Northern,2020-04-03,25,1091,483871,Northern,16,NA,NA,0.00472380920888891,NA,2,100,0.02,0.0041333330577778,0.20666665288889
Northern,2020-04-04,27,1160,483871,Northern,17,NA,NA,0.00501904728444447,NA,2,69,0.0289855072463768,0.0041333330577778,0.142599990493334
Northern,2020-04-05,30,1200,483871,Northern,20,NA,NA,0.00590476151111114,NA,3,40,0.075,0.00619999958666669,0.0826666611555559
Northern,2020-04-06,31,1242,483871,Northern,17,485,0.0350515463917526,0.00501904728444447,0.143190466644445,1,42,0.0238095238095238,0.0020666665288889,0.0867999942133337
Northern,2020-04-07,34,1365,483871,Northern,18,511,0.0352250489236791,0.00531428536000002,0.15086665660889,3,123,0.024390243902439,0.00619999958666669,0.254199983053334
Northern,2020-04-08,34,1420,483871,Northern,15,500,0.03,0.00442857113333335,0.147619037777778,0,55,0,0,0.113666659088889
Northern,2020-04-09,35,1468,483871,Northern,12,477,0.0251572327044025,0.00354285690666668,0.140828562040001,1,48,0.0208333333333333,0.0020666665288889,0.0991999933866671
Northern,2020-04-10,35,1528,483871,Northern,10,437,0.022883295194508,0.00295238075555557,0.129019039017778,0,60,0,0,0.123999991733334
Northern,2020-04-11,38,1628,483871,Northern,11,468,0.0235042735042735,0.00324761883111113,0.138171419360001,3,100,0.03,0.00619999958666669,0.20666665288889
Northern,2020-04-12,40,1708,483871,Northern,10,508,0.0196850393700787,0.00295238075555557,0.149980942382223,2,80,0.025,0.0041333330577778,0.165333322311112
Northern,2020-04-13,41,1778,483871,Northern,10,536,0.0186567164179104,0.00295238075555557,0.158247608497778,1,70,0.0142857142857143,0.0020666665288889,0.144666657022223
Northern,2020-04-14,42,1826,483871,Northern,8,461,0.017353579175705,0.00236190460444445,0.136104752831112,1,48,0.0208333333333333,0.0020666665288889,0.0991999933866671
Northern,2020-04-15,42,1871,483871,Northern,8,451,0.0177383592017738,0.00236190460444445,0.133152372075556,0,45,0,0,0.0929999938000004
Northern,2020-04-16,42,1933,483871,Northern,7,465,0.0150537634408602,0.0020666665288889,0.137285705133334,0,62,0,0,0.128133324791112
Northern,2020-04-17,44,2037,483871,Northern,9,509,0.0176817288801572,0.00265714268000001,0.150276180457778,2,104,0.0192307692307692,0.0041333330577778,0.214933319004445
Northern,2020-04-18,45,2087,483871,Northern,7,459,0.0152505446623094,0.0020666665288889,0.135514276680001,1,50,0.02,0.0020666665288889,0.103333326444445
Northern,2020-04-19,45,2136,483871,Northern,5,428,0.0116822429906542,0.00147619037777778,0.126361896337778,0,49,0,0,0.101266659915556
Northern,2020-04-20,45,2176,483871,Northern,4,398,0.0100502512562814,0.00118095230222223,0.117504754071112,0,40,0,0,0.0826666611555559
Northern,2020-04-21,45,2244,483871,Northern,3,418,0.00717703349282297,0.000885714226666671,0.123409515582223,0,68,0,0,0.140533323964445
Northern,2020-04-22,45,2337,483871,Northern,3,466,0.00643776824034335,0.000885714226666671,0.13758094320889,0,93,0,0,0.192199987186668
Northern,2020-04-23,45,2422,483871,Northern,3,489,0.00613496932515337,0.000885714226666671,0.144371418946667,0,85,0,0,0.175666654955556
Northern,2020-04-24,45,2525,483871,Northern,1,488,0.00204918032786885,0.000295238075555557,0.144076180871112,0,103,0,0,0.212866652475557
Northern,2020-04-25,45,2611,483871,Northern,0,524,0,0,0.154704751591112,0,86,0,0,0.177733321484445
Northern,2020-04-26,46,2678,483871,Northern,1,542,0.0018450184501845,0.000295238075555557,0.160019036951112,1,67,0.0149253731343284,0.0020666665288889,0.138466657435556
Northern,2020-04-27,46,2778,483871,Northern,1,602,0.00166112956810631,0.000295238075555557,0.177733321484445,0,100,0,0,0.20666665288889
Northern,2020-04-28,46,2871,483871,Northern,1,627,0.00159489633173844,0.000295238075555557,0.185114273373334,0,93,0,0,0.192199987186668
Northern,2020-04-29,47,2955,483871,Northern,2,618,0.00323624595469256,0.000590476151111114,0.182457130693334,1,84,0.0119047619047619,0.0020666665288889,0.173599988426667
Northern,2020-04-30,48,3100,483871,Northern,3,678,0.00442477876106195,0.000885714226666671,0.200171415226668,1,145,0.00689655172413793,0.0020666665288889,0.29966664668889
Northern,2020-05-01,49,3253,483871,Northern,4,728,0.00549450549450549,0.00118095230222223,0.214933319004445,1,153,0.0065359477124183,0.0020666665288889,0.316199978920001
Northern,2020-05-02,51,3428,483871,Northern,6,817,0.00734394124847001,0.00177142845333334,0.24120950772889,2,175,0.0114285714285714,0.0041333330577778,0.361666642555557
Northern,2020-05-03,51,3564,483871,Northern,5,886,0.00564334085778781,0.00147619037777778,0.261580934942223,0,136,0,0,0.28106664792889
Northern,2020-05-04,53,3670,483871,Northern,7,892,0.007847533632287,0.0020666665288889,0.263352363395557,2,106,0.0188679245283019,0.0041333330577778,0.219066652062223
Northern,2020-05-05,55,3814,483871,Northern,9,943,0.0095440084835631,0.00265714268000001,0.27840950524889,2,144,0.0138888888888889,0.0041333330577778,0.297599980160001
Northern,2020-05-06,56,4067,483871,Northern,9,1112,0.00809352517985612,0.00265714268000001,0.328304740017779,1,253,0.00395256916996047,0.0020666665288889,0.522866631808891
Northern,2020-05-07,56,4238,483871,Northern,8,1138,0.0070298769771529,0.00236190460444445,0.335980929982224,0,171,0,0,0.353399976440002
Northern,2020-05-08,58,4442,483871,Northern,9,1189,0.00756938603868797,0.00265714268000001,0.351038071835557,2,204,0.00980392156862745,0.0041333330577778,0.421599971893335
Northern,2020-05-09,60,4714,483871,Northern,9,1286,0.00699844479004666,0.00265714268000001,0.379676165164446,2,272,0.00735294117647059,0.0041333330577778,0.56213329585778
Northern,2020-05-10,62,5160,483871,Northern,11,1596,0.0068922305764411,0.00324761883111113,0.471199968586669,2,446,0.00448430493273543,0.0041333330577778,0.921733271884449
Northern,2020-05-11,66,5432,483871,Northern,13,1762,0.00737797956867196,0.00383809498222224,0.520209489128891,4,272,0.0147058823529412,0.00826666611555559,0.56213329585778
Northern,2020-05-12,66,5701,483871,Northern,11,1887,0.00582935877053524,0.00324761883111113,0.557114248573336,0,269,0,0,0.555933296271114
Northern,2020-05-13,70,5901,483871,Northern,14,1834,0.00763358778625954,0.0041333330577778,0.541466630568891,4,200,0.02,0.00826666611555559,0.41333330577778
Northern,2020-05-14,73,6223,483871,Northern,17,1985,0.00856423173803527,0.00501904728444447,0.58604757997778,3,322,0.0093167701863354,0.00619999958666669,0.665466622302225
Northern,2020-05-15,75,6662,483871,Northern,17,2220,0.00765765765765766,0.00501904728444447,0.655428527733336,2,439,0.00455580865603645,0.0041333330577778,0.907266606182226
Northern,2020-05-16,80,7144,483871,Northern,20,2430,0.00823045267489712,0.00590476151111114,0.717428523600003,5,482,0.0103734439834025,0.0103333326444445,0.996133266924449
Northern,2020-05-17,83,7374,483871,Northern,21,2214,0.00948509485094851,0.00619999958666669,0.653657099280003,3,230,0.0130434782608696,0.00619999958666669,0.475333301644447
Northern,2020-05-18,84,7545,483871,Northern,18,2113,0.00851869380028396,0.00531428536000002,0.623838053648892,1,171,0.00584795321637427,0.0020666665288889,0.353399976440002
Northern,2020-05-19,86,7847,483871,Northern,20,2146,0.00931966449207828,0.00590476151111114,0.633580910142225,2,302,0.00662251655629139,0.0041333330577778,0.624133291724447
Northern,2020-05-20,89,8119,483871,Northern,19,2218,0.00856627592425609,0.00560952343555558,0.654838051582225,3,272,0.0110294117647059,0.00619999958666669,0.56213329585778
Northern,2020-05-21,98,8654,483871,Northern,25,2431,0.0102838338132456,0.00738095188888892,0.717723761675559,9,535,0.0168224299065421,0.0185999987600001,1.10566659295556
Northern,2020-05-22,100,9292,483871,Northern,25,2630,0.00950570342205323,0.00738095188888892,0.776476138711115,2,638,0.00313479623824451,0.0041333330577778,1.31853324543112
Northern,2020-05-23,103,9642,483871,Northern,23,2498,0.00920736589271417,0.00679047573777781,0.737504712737781,3,350,0.00857142857142857,0.00619999958666669,0.723333285111114
Northern,2020-05-24,108,10219,483871,Northern,25,2845,0.00878734622144113,0.00738095188888892,0.839952324955559,5,577,0.00866551126516464,0.0103333326444445,1.19246658716889
Northern,2020-05-25,110,10695,483871,Northern,26,3150,0.00825396825396825,0.00767618996444448,0.929999938000004,2,476,0.00420168067226891,0.0041333330577778,0.983733267751115
Northern,2020-05-26,112,10980,483871,Northern,26,3133,0.00829875518672199,0.00767618996444448,0.92498089071556,2,285,0.00701754385964912,0.0041333330577778,0.588999960733336
Northern,2020-05-27,126,11342,483871,Northern,37,3223,0.0114799875892026,0.0109238087955556,0.95155231751556,14,362,0.0386740331491713,0.0289333314044446,0.748133283457781
Northern,2020-05-28,134,11955,483871,Northern,36,3301,0.0109057861254165,0.01062857072,0.974580887408893,8,613,0.0130505709624796,0.0165333322311112,1.26686658220889
Northern,2020-05-29,140,12465,483871,Northern,40,3173,0.0126063662149385,0.0118095230222223,0.936790413737782,6,510,0.0117647058823529,0.0123999991733334,1.05399992973334
Northern,2020-05-30,145,12853,483871,Northern,42,3211,0.0130800373715353,0.0123999991733334,0.948009460608893,5,388,0.0128865979381443,0.0103333326444445,0.801866613208892
Northern,2020-05-31,146,13149,483871,Northern,38,2930,0.0129692832764505,0.0112190468711112,0.865047561377782,1,296,0.00337837837837838,0.0020666665288889,0.611733292551114
Northern,2020-06-01,148,13450,483871,Northern,38,2755,0.0137931034482759,0.0112190468711112,0.813380898155559,2,301,0.00664451827242525,0.0041333330577778,0.622066625195558
Northern,2020-06-02,152,13919,483871,Northern,40,2939,0.0136100714528751,0.0118095230222223,0.867704704057782,4,469,0.00852878464818763,0.00826666611555559,0.969266602048893
Northern,2020-06-03,157,14954,483871,Northern,31,3612,0.00858250276854928,0.00915238034222226,1.06639992890667,5,1035,0.00483091787439614,0.0103333326444445,2.13899985740001
Northern,2020-06-04,160,15541,483871,Northern,26,3586,0.00725041829336308,0.00767618996444448,1.05872373894223,3,587,0.00511073253833049,0.00619999958666669,1.21313325245778
Northern,2020-06-05,177,16111,483871,Northern,37,3646,0.010148107515085,0.0109238087955556,1.07643802347556,17,570,0.0298245614035088,0.0351333309911113,1.17799992146667
Northern,2020-06-06,193,16477,483871,Northern,48,3624,0.0132450331125828,0.0141714276266667,1.06994278581334,16,366,0.0437158469945355,0.0330666644622224,0.756399949573337
Northern,2020-06-07,196,17176,483871,Northern,50,4027,0.0124161907126893,0.0147619037777778,1.18892373026223,3,699,0.00429184549356223,0.00619999958666669,1.44459990369334
Northern,2020-06-08,198,17567,483871,Northern,50,4117,0.0121447656060238,0.0147619037777778,1.21549515706223,2,391,0.0051150895140665,0.0041333330577778,0.808066612795559
Northern,2020-06-09,207,17991,483871,Northern,55,4072,0.0135068762278978,0.0162380941555556,1.20220944366223,9,424,0.0212264150943396,0.0185999987600001,0.876266608248893
Northern,2020-06-10,223,18566,483871,Northern,66,3612,0.0182724252491694,0.0194857129866668,1.06639992890667,16,575,0.0278260869565217,0.0330666644622224,1.18833325411112
Northern,2020-06-11,242,19157,483871,Northern,82,3616,0.0226769911504425,0.0242095221955557,1.06758088120889,19,591,0.0321489001692047,0.0392666640488891,1.22139991857334
Northern,2020-06-12,254,20253,483871,Northern,77,4142,0.0185900531144375,0.0227333318177779,1.22287610895112,12,1096,0.0109489051094891,0.0247999983466668,2.26506651566223
Northern,2020-06-13,258,20716,483871,Northern,65,4239,0.0153338051427223,0.0191904749111112,1.25151420228001,4,463,0.00863930885529158,0.00826666611555559,0.95686660287556
Northern,2020-06-14,272,21552,483871,Northern,76,4376,0.0173674588665448,0.0224380937422223,1.29196181863112,14,836,0.0167464114832536,0.0289333314044446,1.72773321815112
Northern,2020-06-15,281,21907,483871,Northern,83,4340,0.0191244239631336,0.0245047602711112,1.28133324791112,9,355,0.0253521126760563,0.0185999987600001,0.733666617755559
Northern,2020-06-16,286,22896,483871,Northern,79,4905,0.0161060142711519,0.023323807968889,1.44814276060001,5,989,0.00505561172901921,0.0103333326444445,2.04393319707112
Northern,2020-06-17,294,23623,483871,Northern,71,5057,0.0140399446312043,0.0209619033644445,1.49301894808445,8,727,0.0110041265474553,0.0165333322311112,1.50246656650223
Northern,2020-06-18,312,24498,483871,Northern,70,5341,0.0131061598951507,0.020666665288889,1.57686656154223,18,875,0.0205714285714286,0.0371999975200002,1.80833321277779
Southeastern,2020-03-15,11,NA,2044919,Southeastern,NA,NA,NA,NA,NA,NA,NA,NA,NA,NA
Southeastern,2020-03-16,17,NA,2044919,Southeastern,NA,NA,NA,NA,NA,6,NA,NA,0.00293410154632042,NA
Southeastern,2020-03-17,33,NA,2044919,Southeastern,NA,NA,NA,NA,NA,16,NA,NA,0.00782427079018778,NA
Southeastern,2020-03-18,59,NA,2044919,Southeastern,NA,NA,NA,NA,NA,26,NA,NA,0.0127144400340551,NA
Southeastern,2020-03-19,88,NA,2044919,Southeastern,NA,NA,NA,NA,NA,29,NA,NA,0.0141814908072153,NA
Southeastern,2020-03-20,120,NA,2044919,Southeastern,NA,NA,NA,NA,NA,32,NA,NA,0.0156485415803756,NA
Southeastern,2020-03-21,172,NA,2044919,Southeastern,NA,NA,NA,NA,NA,52,NA,NA,0.0254288800681103,NA
Southeastern,2020-03-22,256,NA,2044919,Southeastern,245,NA,NA,0.0171155923535358,NA,84,NA,NA,0.0410774216484858,NA
Southeastern,2020-03-23,284,NA,2044919,Southeastern,267,NA,NA,0.0186525026873227,NA,28,NA,NA,0.0136924738828286,NA
Southeastern,2020-03-24,305,NA,2044919,Southeastern,272,NA,NA,0.019001800490456,NA,21,NA,NA,0.0102693554121215,NA
Southeastern,2020-03-25,399,NA,2044919,Southeastern,340,NA,NA,0.02375225061307,NA,94,NA,NA,0.0459675908923532,NA
Southeastern,2020-03-26,482,NA,2044919,Southeastern,394,NA,NA,0.0275246668869106,NA,83,NA,NA,0.0405884047240991,NA
Southeastern,2020-03-27,566,NA,2044919,Southeastern,446,NA,NA,0.0311573640394978,NA,84,NA,NA,0.0410774216484858,NA
Southeastern,2020-03-28,671,NA,2044919,Southeastern,499,NA,NA,0.0348599207527116,NA,105,NA,NA,0.0513467770606073,NA
Southeastern,2020-03-29,765,NA,2044919,Southeastern,509,NA,NA,0.0355585163589784,NA,94,NA,NA,0.0459675908923532,NA
Southeastern,2020-03-30,837,6951,2044919,Southeastern,553,NA,NA,0.0386323370265522,NA,72,NA,NA,0.035209218555845,NA
Southeastern,2020-03-31,927,7607,2044919,Southeastern,622,NA,NA,0.0434526467097928,NA,90,656,0.13719512195122,0.0440115231948063,0.320795102397699
Southeastern,2020-04-01,1071,8310,2044919,Southeastern,672,NA,NA,0.0469456247411267,NA,144,703,0.204836415362731,0.07041843711169,0.343778897843875
Southeastern,2020-04-02,1199,9146,2044919,Southeastern,717,NA,NA,0.0500893049693271,NA,128,836,0.15311004784689,0.0625941663215022,0.408818148787311
Southeastern,2020-04-03,1327,9787,2044919,Southeastern,761,NA,NA,0.0531631256369009,NA,128,641,0.199687987519501,0.0625941663215022,0.313459848531898
Southeastern,2020-04-04,1481,10537,2044919,Southeastern,810,NA,NA,0.056586244107608,NA,154,750,0.205333333333333,0.0753086063555574,0.366762693290052
Southeastern,2020-04-05,1587,10958,2044919,Southeastern,822,NA,NA,0.0574245588351282,NA,106,421,0.251781472684086,0.051835793984994,0.205876125166816
Southeastern,2020-04-06,1716,11572,2044919,Southeastern,879,4621,0.190218567409652,0.0614065537908487,0.322821029655873,129,614,0.210097719869707,0.0630831832458889,0.300256391573456
Southeastern,2020-04-07,1813,12518,2044919,Southeastern,886,4911,0.180411321523111,0.0618955707152355,0.343080302237609,97,946,0.102536997885835,0.0474346416655134,0.462610010469852
Southeastern,2020-04-08,1952,13203,2044919,Southeastern,881,4893,0.180053137134682,0.0615462729121021,0.341822830146329,139,685,0.202919708029197,0.0679733524897563,0.334976593204914
Southeastern,2020-04-09,2049,13831,2044919,Southeastern,850,4685,0.181430096051227,0.0593806265326751,0.32729204153598,97,628,0.154458598726115,0.0474346416655134,0.30710262851487
Southeastern,2020-04-10,2188,14612,2044919,Southeastern,861,4825,0.178445595854922,0.0601490816995685,0.337072380023714,139,781,0.17797695262484,0.0679733524897563,0.381922217946041
Southeastern,2020-04-11,2300,15296,2044919,Southeastern,819,4759,0.172094977936541,0.0572149801532481,0.332461649022354,112,684,0.16374269005848,0.0547698955313144,0.334487576280527
Southeastern,2020-04-12,2389,15833,2044919,Southeastern,802,4875,0.164512820512821,0.0560273676225946,0.340565358055048,89,537,0.165735567970205,0.0435225062704195,0.262602088395677
Southeastern,2020-04-13,2443,16105,2044919,Southeastern,727,4533,0.160379439664681,0.0507879005755939,0.316673388320725,54,272,0.198529411764706,0.0264069139168837,0.133012603433192
Southeastern,2020-04-14,2531,16585,2044919,Southeastern,718,4067,0.176542906319154,0.0501591645299538,0.284118833068694,88,480,0.183333333333333,0.0430334893460328,0.234728123705633
Southeastern,2020-04-15,2654,17240,2044919,Southeastern,702,4037,0.173891503591776,0.049041411559927,0.282023046249893,123,655,0.187786259541985,0.0601490816995685,0.320306085473312
Southeastern,2020-04-16,2770,18147,2044919,Southeastern,721,4316,0.167052826691381,0.0503687432118338,0.301513863664736,116,907,0.127894156560088,0.0567259632288614,0.44353835041877
Southeastern,2020-04-17,2877,18736,2044919,Southeastern,689,4124,0.167070805043647,0.0481332372717802,0.288100828024414,107,589,0.181663837011885,0.0523248109093808,0.288030968463788
Southeastern,2020-04-18,2971,19468,2044919,Southeastern,671,4172,0.160834132310642,0.0468757651805,0.291454086934495,94,732,0.128415300546448,0.0459675908923532,0.357960388651091
Southeastern,2020-04-19,3080,20089,2044919,Southeastern,691,4256,0.162359022556391,0.0482729563930335,0.297322290027136,109,621,0.175523349436393,0.0533028447581542,0.303679510044163
Southeastern,2020-04-20,3143,20697,2044919,Southeastern,700,4592,0.152439024390244,0.0489016924386736,0.320795102397699,63,608,0.103618421052632,0.0308080662363644,0.297322290027136
Southeastern,2020-04-21,3212,21316,2044919,Southeastern,681,4731,0.143944197844008,0.0475743607867668,0.330505581324807,69,619,0.111470113085622,0.0337421677826848,0.30270147619539
Southeastern,2020-04-22,3320,21940,2044919,Southeastern,666,4700,0.141702127659574,0.0465264673773666,0.32833993494538,108,624,0.173076923076923,0.0528138278337675,0.305146560817323
Southeastern,2020-04-23,3441,22703,2044919,Southeastern,671,4556,0.147278314310799,0.0468757651805,0.318280158215138,121,763,0.158584534731324,0.0591710478507951,0.37311991330708
Southeastern,2020-04-24,3547,24314,2044919,Southeastern,670,5578,0.120114736464683,0.0468059056198733,0.389676629175602,106,1611,0.0657976412166356,0.051835793984994,0.787806265187032
Southeastern,2020-04-25,3714,25527,2044919,Southeastern,743,6059,0.122627496286516,0.0519056535456207,0.423279077837033,167,1213,0.137675185490519,0.0816658263725849,0.593177529281111
Southeastern,2020-04-26,3857,26553,2044919,Southeastern,777,6464,0.120204207920792,0.0542808786069277,0.451572199890837,143,1026,0.139376218323587,0.0699294201873033,0.501731364420791
Southeastern,2020-04-27,3918,27125,2044919,Southeastern,775,6428,0.120566272557561,0.0541411594856743,0.449057255708277,61,572,0.106643356643357,0.0298300323875909,0.279717680749213
Southeastern,2020-04-28,4020,28048,2044919,Southeastern,808,6732,0.120023767082591,0.0564465249863547,0.470294562138787,102,923,0.110509209100758,0.0498797262874471,0.451362621208957
Southeastern,2020-04-29,4163,29233,2044919,Southeastern,843,7293,0.11559029206088,0.0588916096082884,0.509485775650352,143,1185,0.120675105485232,0.0699294201873033,0.579485055398282
Southeastern,2020-04-30,4369,30329,2044919,Southeastern,928,7626,0.121688958825072,0.0648296722615559,0.532749009339036,206,1096,0.187956204379562,0.100737486423668,0.535962549127863
Southeastern,2020-05-01,4622,31773,2044919,Southeastern,1075,7459,0.14412119587076,0.0750990276736773,0.521082462714381,253,1444,0.175207756232687,0.123721281869844,0.706140438814447
Southeastern,2020-05-02,4804,33013,2044919,Southeastern,1090,7486,0.145605129575207,0.0761469210830775,0.522968670851301,182,1240,0.146774193548387,0.089001080238386,0.606380986239553
Southeastern,2020-05-03,4963,34101,2044919,Southeastern,1106,7548,0.146528881822999,0.0772646740531043,0.527299963610155,159,1088,0.146139705882353,0.077753690977491,0.532050413732769
Southeastern,2020-05-04,5075,35102,2044919,Southeastern,1157,7977,0.145041995737746,0.0808275116450648,0.557269715118999,112,1001,0.111888111888112,0.0547698955313144,0.489505941311123
Southeastern,2020-05-05,5240,36458,2044919,Southeastern,1220,8410,0.145065398335315,0.0852286639645454,0.58751890487035,165,1356,0.121681415929204,0.0806877925238114,0.663106949468414
Southeastern,2020-05-06,5399,37808,2044919,Southeastern,1236,8575,0.144139941690962,0.0863464169345722,0.599045732373752,159,1350,0.117777777777778,0.077753690977491,0.660172847922094
Southeastern,2020-05-07,5591,39816,2044919,Southeastern,1222,9487,0.12880784231053,0.0853683830857988,0.662757651665281,192,2008,0.0956175298804781,0.0938912494822533,0.981945984168566
Southeastern,2020-05-08,5811,41435,2044919,Southeastern,1189,9662,0.123059407990064,0.0830630175851185,0.674983074774949,220,1619,0.135886349598518,0.107583723365082,0.791718400582126
Southeastern,2020-05-09,6030,43796,2044919,Southeastern,1226,10783,0.113697486784754,0.0856478213283055,0.753295642237454,219,2361,0.0927573062261754,0.107094706440695,1.15456895847708
Southeastern,2020-05-10,6195,45045,2044919,Southeastern,1232,10944,0.112573099415205,0.0860669786920656,0.764543031498349,165,1249,0.132105684547638,0.0806877925238114,0.610782138559033
Southeastern,2020-05-11,6313,45829,2044919,Southeastern,1238,10727,0.115409713806283,0.0864861360558256,0.74938350684236,118,784,0.150510204081633,0.0577039970776349,0.383389268719201
Southeastern,2020-05-12,6431,46986,2044919,Southeastern,1191,10528,0.113126899696049,0.0832027367063718,0.735481454277651,118,1157,0.101987899740709,0.0577039970776349,0.565792581515454
Southeastern,2020-05-13,6632,48479,2044919,Southeastern,1233,10671,0.1155468091088,0.0861368382526922,0.745471371447266,201,1493,0.134628265237776,0.098292401801734,0.730102268109397
Southeastern,2020-05-14,6915,50639,2044919,Southeastern,1324,10823,0.122332070590409,0.0924940582697198,0.756090024662521,283,2160,0.131018518518519,0.138391789601446,1.05627655667535
Southeastern,2020-05-15,7206,53046,2044919,Southeastern,1395,11611,0.120144690379812,0.0974540870742139,0.811139358436342,291,2407,0.120897382633984,0.14230392499654,1.17706373699887
Southeastern,2020-05-16,7587,55359,2044919,Southeastern,1557,11563,0.134653636599498,0.108771335895735,0.807786099526261,381,2313,0.164721141374838,0.186315448191346,1.13109614610652
Southeastern,2020-05-17,7826,57112,2044919,Southeastern,1631,12067,0.135162012099113,0.11394094338211,0.842995318082106,239,1753,0.136337706788363,0.11687504492843,0.857246668449948
Southeastern,2020-05-18,7924,58647,2044919,Southeastern,1611,12818,0.125682633796224,0.112543752169576,0.89545984811274,98,1535,0.0638436482084691,0.0479236585899001,0.75064097893364
Southeastern,2020-05-19,8062,60451,2044919,Southeastern,1631,13465,0.121128852580765,0.11394094338211,0.9406589838382,138,1804,0.0764966740576497,0.0674843355653696,0.882186531593672
Southeastern,2020-05-20,8480,62852,2044919,Southeastern,1848,14373,0.128574410352745,0.129100468038098,1.00409146488722,418,2401,0.174094127446897,0.204409074393656,1.17412963545255
Southeastern,2020-05-21,8788,65477,2044919,Southeastern,1873,14838,0.12622995012805,0.130846957053765,1.03657616057863,308,2625,0.117333333333333,0.150617212711115,1.28366942651518
Southeastern,2020-05-22,9129,68514,2044919,Southeastern,1923,15468,0.124321179208689,0.134339935085099,1.08058768377343,341,3037,0.112281857095818,0.166754771215877,1.48514439936252
Southeastern,2020-05-23,9488,70607,2044919,Southeastern,1901,15248,0.124672088142707,0.132803024751312,1.06521858043556,359,2093,0.171524128045867,0.175557075854838,1.02351242274144
Southeastern,2020-05-24,9809,73033,2044919,Southeastern,1983,15921,0.124552477859431,0.1385315087227,1.11223406473732,321,2426,0.132316570486397,0.156974432728142,1.18635505856222
Southeastern,2020-05-25,10009,75000,2044919,Southeastern,2085,16353,0.127499541368556,0.145657183906621,1.14241339492804,200,1967,0.101677681748856,0.0978033848773472,0.96189629026871
Southeastern,2020-05-26,10196,77152,2044919,Southeastern,2134,16701,0.127776779833543,0.149080302377328,1.16672452202613,187,2152,0.0868959107806691,0.0914461648603197,1.05236442128026
Southeastern,2020-05-27,10672,81515,2044919,Southeastern,2192,18663,0.117451642286878,0.153132156893675,1.30378897997567,476,4363,0.109099243639697,0.232772056008086,2.13358084109933
Southeastern,2020-05-28,11056,84324,2044919,Southeastern,2268,18847,0.120337454236749,0.158441483501303,1.31664313913097,384,2809,0.136703453186187,0.187782498964507,1.37364854060234
Southeastern,2020-05-29,11653,89320,2044919,Southeastern,2524,20806,0.121311160242238,0.176325531021732,1.45349801839863,597,4996,0.119495596477182,0.291943103858882,2.44312855423613
Southeastern,2020-05-30,12025,93052,2044919,Southeastern,2537,22445,0.113031855647137,0.177233705309879,1.56799783826576,372,3732,0.0996784565916399,0.181914295871866,1.8250111618113
Southeastern,2020-05-31,12145,96724,2044919,Southeastern,2336,23691,0.0986028449622219,0.163191933623917,1.6550428508066,120,3672,0.0326797385620915,0.0586820309264083,1.79567014634809
Southeastern,2020-06-01,12238,98165,2044919,Southeastern,2229,23165,0.0962227498381178,0.155716960636862,1.61829672191696,93,1441,0.0645385149201943,0.0454785739679665,0.704673388041287
Southeastern,2020-06-02,12512,102040,2044919,Southeastern,2316,24888,0.0930568948891032,0.161794742411383,1.73866474487673,274,3875,0.0707096774193548,0.133990637281966,1.8949405819986
Southeastern,2020-06-03,12721,108149,2044919,Southeastern,2049,26634,0.0769317413831944,0.14314223972406,1.8606395377309,209,6109,0.0342118186282534,0.102204537196828,2.98740439107857
Southeastern,2020-06-04,13101,111906,2044919,Southeastern,2045,27582,0.0741425567399028,0.142862801481554,1.92686640120499,380,3757,0.101144530210274,0.18582643126696,1.83723658492097
Southeastern,2020-06-05,13339,116811,2044919,Southeastern,1686,27491,0.0613291622712888,0.117783219216577,1.92050918118797,238,4905,0.0485219164118247,0.116386028004043,2.39862801411694
Southeastern,2020-06-06,13548,122726,2044919,Southeastern,1523,29674,0.0513243917233942,0.106396110834428,2.073012602036,209,5915,0.0353338968723584,0.102204537196828,2.89253510774754
Southeastern,2020-06-07,13700,127594,2044919,Southeastern,1555,30870,0.0503725299643667,0.108631616774482,2.15656463654551,152,4868,0.0312243221035333,0.0743305725067839,2.38053438791463
Southeastern,2020-06-08,13823,130738,2044919,Southeastern,1585,32573,0.0486599330734044,0.110727403593282,2.27553546829274,123,3144,0.0391221374045802,0.0601490816995685,1.5374692102719
Southeastern,2020-06-09,13953,137188,2044919,Southeastern,1441,35148,0.0409980653237738,0.100667626863041,2.45542383690643,130,6450,0.0201550387596899,0.0635722001702757,3.15415916229445
Southeastern,2020-06-10,14122,141529,2044919,Southeastern,1401,33380,0.0419712402636309,0.0978732444379739,2.33191213371846,169,4341,0.0389311218613223,0.0826438602213584,2.12282246876282
Southeastern,2020-06-11,14310,145103,2044919,Southeastern,1209,33197,0.0364189535198964,0.084460208797652,2.31912783412378,188,3574,0.0526021264689424,0.0919351817847064,1.74774648775819
Southeastern,2020-06-12,14451,149750,2044919,Southeastern,1112,32939,0.0337593733871702,0.0776838314168644,2.3011040674821,141,4647,0.0303421562298257,0.0689513863385298,2.27246164762516
Southeastern,2020-06-13,14592,154909,2044919,Southeastern,1044,32183,0.0324394866855172,0.0729333812942504,2.24829023964833,141,5159,0.0273308780771467,0.0689513863385298,2.52283831291117
Southeastern,2020-06-14,14714,158639,2044919,Southeastern,1014,31045,0.0326622644548236,0.0708375944754501,2.16879005965518,122,3730,0.0327077747989276,0.0596600647751818,1.82403312796253
Southeastern,2020-06-15,14809,160847,2044919,Southeastern,986,30109,0.0327476834169185,0.0688815267779031,2.10340151090861,95,2208,0.0430253623188406,0.0464566078167399,1.07974936904591
Southeastern,2020-06-16,14968,165343,2044919,Southeastern,1015,28155,0.036050435091458,0.0709074540360767,1.96689592944408,159,4496,0.035364768683274,0.077753690977491,2.19862009204277
Southeastern,2020-06-17,15092,168601,2044919,Southeastern,970,27072,0.035830378250591,0.0677637738078763,1.89123802528539,124,3258,0.0380601596071209,0.0606380986239553,1.59321713965199
Southeastern,2020-06-18,15337,172881,2044919,Southeastern,1027,27778,0.0369717042263662,0.0717457687635968,1.94055887508782,245,4280,0.0572429906542056,0.11980914647475,2.09299243637523
Southern,2020-03-15,6,NA,1244485,Southern,NA,NA,NA,NA,NA,NA,NA,NA,NA,NA
Southern,2020-03-16,10,NA,1244485,Southern,NA,NA,NA,NA,NA,4,NA,NA,0.00321418096642386,NA
Southern,2020-03-17,19,NA,1244485,Southern,NA,NA,NA,NA,NA,9,NA,NA,0.00723190717445369,NA
Southern,2020-03-18,23,NA,1244485,Southern,NA,NA,NA,NA,NA,4,NA,NA,0.00321418096642386,NA
Southern,2020-03-19,32,NA,1244485,Southern,NA,NA,NA,NA,NA,9,NA,NA,0.00723190717445369,NA
Southern,2020-03-20,42,NA,1244485,Southern,NA,NA,NA,NA,NA,10,NA,NA,0.00803545241605965,NA
Southern,2020-03-21,61,NA,1244485,Southern,NA,NA,NA,NA,NA,19,NA,NA,0.0152673595905133,NA
Southern,2020-03-22,74,NA,1244485,Southern,68,NA,NA,0.00780586806131509,NA,13,NA,NA,0.0104460881408776,NA
Southern,2020-03-23,77,NA,1244485,Southern,67,NA,NA,0.00769107588394281,NA,3,NA,NA,0.0024106357248179,NA
Southern,2020-03-24,91,NA,1244485,Southern,72,NA,NA,0.00826503677080422,NA,14,NA,NA,0.0112496333824835,NA
Southern,2020-03-25,116,NA,1244485,Southern,93,NA,NA,0.0106756724956221,NA,25,NA,NA,0.0200886310401491,NA
Southern,2020-03-26,148,NA,1244485,Southern,116,NA,NA,0.0133158925751846,NA,32,NA,NA,0.0257134477313909,NA
Southern,2020-03-27,182,NA,1244485,Southern,140,NA,NA,0.0160709048321193,NA,34,NA,NA,0.0273205382146028,NA
Southern,2020-03-28,214,NA,1244485,Southern,153,NA,NA,0.017563203137959,NA,32,NA,NA,0.0257134477313909,NA
Southern,2020-03-29,236,NA,1244485,Southern,162,NA,NA,0.0185963327343095,NA,22,NA,NA,0.0176779953153312,NA
Southern,2020-03-30,252,5485,1244485,Southern,175,NA,NA,0.0200886310401491,NA,16,NA,NA,0.0128567238656954,NA
Southern,2020-03-31,269,5829,1244485,Southern,178,NA,NA,0.020433007572266,NA,17,344,0.0494186046511628,0.0136602691073014,0.276419563112452
Southern,2020-04-01,303,6304,1244485,Southern,187,NA,NA,0.0214661371686165,NA,34,475,0.071578947368421,0.0273205382146028,0.381683989762834
Southern,2020-04-02,323,6686,1244485,Southern,175,NA,NA,0.0200886310401491,NA,20,382,0.0523560209424084,0.0160709048321193,0.306954282293479
Southern,2020-04-03,348,7236,1244485,Southern,166,NA,NA,0.0190555014437986,NA,25,550,0.0454545454545455,0.0200886310401491,0.441949882883281
Southern,2020-04-04,366,7545,1244485,Southern,152,NA,NA,0.0174484109605867,NA,18,309,0.058252427184466,0.0144638143489074,0.248295479656243
Southern,2020-04-05,387,7990,1244485,Southern,151,NA,NA,0.0173336187832144,NA,21,445,0.0471910112359551,0.0168744500737253,0.357577632514655
Southern,2020-04-06,407,8337,1244485,Southern,155,2852,0.0543478260869565,0.0177927874927035,0.327387289865745,20,347,0.0576368876080692,0.0160709048321193,0.27883019883727
Southern,2020-04-07,428,8639,1244485,Southern,159,2810,0.0565836298932384,0.0182519562021926,0.322566018416109,21,302,0.0695364238410596,0.0168744500737253,0.242670662965002
Southern,2020-04-08,449,9009,1244485,Southern,146,2705,0.0539741219963031,0.016759657896353,0.31051283979202,21,370,0.0567567567567568,0.0168744500737253,0.297311739394207
Southern,2020-04-09,465,9365,1244485,Southern,142,2679,0.0530048525569242,0.0163004891868639,0.30752824318034,16,356,0.0449438202247191,0.0128567238656954,0.286062106011724
Southern,2020-04-10,485,9731,1244485,Southern,137,2495,0.0549098196392786,0.0157265283000025,0.28640648254384,20,366,0.0546448087431694,0.0160709048321193,0.294097558427783
Southern,2020-04-11,505,10160,1244485,Southern,139,2615,0.0531548757170172,0.015956112654747,0.300181543828514,20,429,0.0466200466200466,0.0160709048321193,0.344720908648959
Southern,2020-04-12,521,10496,1244485,Southern,134,2506,0.0534716679968077,0.0153821517678856,0.287669196494936,16,336,0.0476190476190476,0.0128567238656954,0.269991201179604
Southern,2020-04-13,534,10707,1244485,Southern,127,2370,0.0535864978902954,0.0145786065262797,0.272057460372305,13,211,0.0616113744075829,0.0104460881408776,0.169548045978859
Southern,2020-04-14,543,10929,1244485,Southern,115,2290,0.0502183406113537,0.0132011003978123,0.262874086182523,9,222,0.0405405405405405,0.00723190717445369,0.178387043636524
Southern,2020-04-15,559,11241,1244485,Southern,110,2232,0.0492831541218638,0.0126271395109509,0.256216139894931,16,312,0.0512820512820513,0.0128567238656954,0.250706115381061
Southern,2020-04-16,562,11568,1244485,Southern,97,2203,0.0440308669995461,0.0111348412051112,0.252887166751135,3,327,0.00917431192660551,0.0024106357248179,0.262759294005151
Southern,2020-04-17,571,11905,1244485,Southern,86,2174,0.0395584176632935,0.00987212725401615,0.249558193607338,9,337,0.0267062314540059,0.00723190717445369,0.27079474642121
Southern,2020-04-18,589,12271,1244485,Southern,84,2111,0.039791567977262,0.00964254289927159,0.242326286432885,18,366,0.0491803278688525,0.0144638143489074,0.294097558427783
Southern,2020-04-19,607,12725,1244485,Southern,86,2229,0.0385823239120682,0.00987212725401615,0.255871763362814,18,454,0.039647577092511,0.0144638143489074,0.364809539689108
Southern,2020-04-20,622,13082,1244485,Southern,88,2375,0.0370526315789474,0.0101017116087607,0.272631421259167,15,357,0.0420168067226891,0.0120531786240895,0.28686565125333
Southern,2020-04-21,643,13303,1244485,Southern,100,2374,0.04212299915754,0.0114792177372281,0.272516629081795,21,221,0.0950226244343891,0.0168744500737253,0.177583498394918
Southern,2020-04-22,662,13742,1244485,Southern,103,2501,0.0411835265893643,0.0118235942693449,0.287095235608074,19,439,0.0432801822323462,0.0152673595905133,0.352756361065019
Southern,2020-04-23,682,14367,1244485,Southern,120,2799,0.0428724544480171,0.0137750612846737,0.321303304465014,20,625,0.032,0.0160709048321193,0.502215776003728
Southern,2020-04-24,716,15056,1244485,Southern,145,3151,0.0460171374166931,0.0166448657189807,0.361710150900057,34,689,0.0493468795355588,0.0273205382146028,0.55364267146651
Southern,2020-04-25,759,15698,1244485,Southern,170,3427,0.0496060694484972,0.0195146701532877,0.393392791854806,43,642,0.0669781931464174,0.0345524453890565,0.51587604511103
Southern,2020-04-26,774,16311,1244485,Southern,167,3586,0.0465699944227552,0.0191702936211709,0.411644748056999,15,613,0.0244698205546493,0.0120531786240895,0.492573233104457
Southern,2020-04-27,799,16946,1244485,Southern,177,3864,0.0458074534161491,0.0203182153948937,0.443556973366493,25,635,0.0393700787401575,0.0200886310401491,0.510251228419788
Southern,2020-04-28,826,17804,1244485,Southern,183,4501,0.0406576316374139,0.0210069684591274,0.516679590352636,27,858,0.0314685314685315,0.0216957215233611,0.689441817297918
Southern,2020-04-29,846,19010,1244485,Southern,184,5268,0.0349278663629461,0.0211217606364997,0.604725190397175,20,1206,0.0165837479270315,0.0160709048321193,0.969075561376794
Southern,2020-04-30,873,19719,1244485,Southern,191,5352,0.0356875934230194,0.0219253058781056,0.614367733296447,27,709,0.0380818053596615,0.0216957215233611,0.56971357629863
Southern,2020-05-01,924,20597,1244485,Southern,208,5541,0.037538350478253,0.0238767728934344,0.636063454819808,51,878,0.0580865603644647,0.0409808073219042,0.705512722130038
Southern,2020-05-02,961,21319,1244485,Southern,202,5621,0.0359366660736524,0.0231880198292007,0.64524682900959,37,722,0.0512465373961219,0.0297311739394207,0.580159664439507
Southern,2020-05-03,993,21951,1244485,Southern,219,5640,0.0388297872340426,0.0251394868445295,0.647427880379664,32,632,0.0506329113924051,0.0257134477313909,0.50784059269497
Southern,2020-05-04,1031,22633,1244485,Southern,232,5687,0.0407947951468261,0.0266317851503691,0.652823112716161,38,682,0.0557184750733138,0.0305347191810267,0.548017854775269
Southern,2020-05-05,1061,23326,1244485,Southern,235,5522,0.0425570445490764,0.026976161682486,0.633882403449735,30,693,0.0432900432900433,0.024106357248179,0.556856852432934
Southern,2020-05-06,1089,24213,1244485,Southern,243,5203,0.0467038247165097,0.0278944991014642,0.597263698867977,28,887,0.0315670800450958,0.022499266764967,0.712744629304491
Southern,2020-05-07,1129,25464,1244485,Southern,256,5745,0.0445604873803307,0.0293867974073039,0.659481059003753,40,1251,0.0319744204636291,0.0321418096642386,1.00523509724906
Southern,2020-05-08,1165,26588,1244485,Southern,241,5991,0.0402270071774328,0.0276649147467197,0.687719934637334,36,1124,0.0320284697508897,0.0289276286978148,0.903184851565105
Southern,2020-05-09,1201,27473,1244485,Southern,240,6154,0.0389990250243744,0.0275501225693474,0.706431059549016,36,885,0.0406779661016949,0.0289276286978148,0.71113753882128
Southern,2020-05-10,1228,28320,1244485,Southern,235,6369,0.0368974721306328,0.026976161682486,0.731111377684056,27,847,0.0318772136953955,0.0216957215233611,0.680602819640253
Southern,2020-05-11,1246,29352,1244485,Southern,215,6719,0.031998809346629,0.0246803181350404,0.771288639764355,18,1032,0.0174418604651163,0.0144638143489074,0.829258689337356
Southern,2020-05-12,1265,30446,1244485,Southern,204,7120,0.0286516853932584,0.0234176041839453,0.817320302890639,19,1094,0.0173674588665448,0.0152673595905133,0.879078494316926
Southern,2020-05-13,1301,31425,1244485,Southern,212,7212,0.0293954520244038,0.0243359416029235,0.827881183208889,36,979,0.0367722165474974,0.0289276286978148,0.78667079153224
Southern,2020-05-14,1333,32657,1244485,Southern,204,7193,0.0283609064368136,0.0234176041839453,0.825700131838816,32,1232,0.025974025974026,0.0257134477313909,0.98996773765855
Southern,2020-05-15,1372,34543,1244485,Southern,207,7955,0.0260213702074167,0.0237619807160621,0.913171770996494,39,1886,0.02067868504772,0.0313382644226327,1.51548632566885
Southern,2020-05-16,1416,35571,1244485,Southern,215,8098,0.0265497653741665,0.0246803181350404,0.92958705236073,44,1028,0.0428015564202335,0.0353559906306625,0.826044508370933
Southern,2020-05-17,1459,36956,1244485,Southern,231,8636,0.0267484946734599,0.0265169929729969,0.991345243787017,43,1385,0.0310469314079422,0.0345524453890565,1.11291015962426
Southern,2020-05-18,1472,37741,1244485,Southern,226,8389,0.0269400405292645,0.0259430320861355,0.962991575976064,13,785,0.0165605095541401,0.0104460881408776,0.630783014660683
Southern,2020-05-19,1486,38466,1244485,Southern,221,8020,0.0275561097256858,0.0253690711992741,0.920633262525692,14,725,0.0193103448275862,0.0112496333824835,0.582570300164325
Southern,2020-05-20,1531,39772,1244485,Southern,230,8347,0.0275548101114173,0.0264022007956246,0.958170304526428,45,1306,0.0344563552833078,0.0361595358722685,1.04943008553739
Southern,2020-05-21,1601,41981,1244485,Southern,268,9324,0.0287430287430287,0.0307643035357713,1.07032226181915,70,2209,0.03168854685378,0.0562481669124176,1.77503143870758
Southern,2020-05-22,1670,44633,1244485,Southern,298,10090,0.0295341922695738,0.0342080688569397,1.15825306968631,69,2652,0.0260180995475113,0.0554446216708116,2.13100198073902
Southern,2020-05-23,1705,46664,1244485,Southern,289,11093,0.0260524655187956,0.0331749392605891,1.27338962359071,35,2031,0.017232890201871,0.0281240834562088,1.63200038570172
Southern,2020-05-24,1734,48121,1244485,Southern,275,11165,0.0246305418719212,0.0315678487773772,1.28165466036152,29,1457,0.0199039121482498,0.023302812006573,1.17076541701989
Southern,2020-05-25,1790,50389,1244485,Southern,318,12648,0.0251423149905123,0.0365039124043853,1.45189145940461,56,2268,0.0246913580246914,0.0449985335299341,1.82244060796233
Southern,2020-05-26,1842,53232,1244485,Southern,356,14766,0.0241094406067994,0.040866015144532,1.6950212910791,52,2843,0.0182905381639114,0.0417843525635102,2.28447912188576
Southern,2020-05-27,1885,55041,1244485,Southern,354,15269,0.0231842294845766,0.0406364307897874,1.75276175629736,43,1809,0.0237700386954118,0.0345524453890565,1.45361334206519
Southern,2020-05-28,1953,58146,1244485,Southern,352,16165,0.0217754407670894,0.0404068464350428,1.85561554722292,68,3105,0.0219001610305958,0.0546410764292057,2.49500797518652
Southern,2020-05-29,2015,61282,1244485,Southern,345,16649,0.0207219652832002,0.0396033011934369,1.9111749610711,62,3136,0.0197704081632653,0.0498198049795699,2.51991787767631
Southern,2020-05-30,2089,63567,1244485,Southern,384,16903,0.0227178607347808,0.0440801961109558,1.94033217412366,74,2285,0.0323851203501094,0.0594623478788414,1.83610087706963
Southern,2020-05-31,2106,64786,1244485,Southern,372,16665,0.0223222322232223,0.0427026899824885,1.91301163590906,17,1219,0.0139458572600492,0.0136602691073014,0.979521649517672
Southern,2020-06-01,2121,65329,1244485,Southern,331,14940,0.0221552878179384,0.0379962107102249,1.71499512994187,15,543,0.0276243093922652,0.0120531786240895,0.436325066192039
Southern,2020-06-02,2158,67709,1244485,Southern,316,14477,0.0218277267389653,0.0362743280496407,1.66184635181851,37,2380,0.015546218487395,0.0297311739394207,1.9124376750222
Southern,2020-06-03,2351,71555,1244485,Southern,466,16514,0.0282184812886036,0.0534931546554828,1.89567801712585,193,3846,0.0501820072802912,0.155084231629951,3.09043499921654
Southern,2020-06-04,2386,74615,1244485,Southern,433,16469,0.0262918209970247,0.0497050128021976,1.89051236914409,35,3060,0.011437908496732,0.0281240834562088,2.45884843931425
Southern,2020-06-05,2424,77320,1244485,Southern,409,16038,0.0255019329093403,0.0469500005452628,1.84103694069664,38,2705,0.0140480591497227,0.0305347191810267,2.17358987854414
Southern,2020-06-06,2447,79429,1244485,Southern,358,15862,0.0225696633463624,0.0410955994992765,1.82083351747912,23,2109,0.0109056424845899,0.0184815405569372,1.69467691454698
Southern,2020-06-07,2492,81776,1244485,Southern,386,16990,0.0227192466156563,0.0443097804657004,1.95031909355505,45,2347,0.0191734128674904,0.0361595358722685,1.8859206820492
Southern,2020-06-08,2529,83407,1244485,Southern,408,18078,0.0225688682376369,0.0468352083678906,2.07521298253609,37,1631,0.0226854690374004,0.0297311739394207,1.31058228905933
Southern,2020-06-09,2568,86158,1244485,Southern,410,18449,0.022223426743997,0.0470647927226351,2.11780088034121,39,2751,0.0141766630316249,0.0313382644226327,2.21055295965801
Southern,2020-06-10,2602,88586,1244485,Southern,251,17031,0.0147378310140332,0.0288128365204425,1.95502557282731,34,2428,0.014003294892916,0.0273205382146028,1.95100784661928
Southern,2020-06-11,2633,90203,1244485,Southern,247,15588,0.0158455221965615,0.0283536678109534,1.78938046087911,31,1617,0.0191713048855906,0.0249099024897849,1.29933265567685
Southern,2020-06-12,2706,92876,1244485,Southern,282,15556,0.0181280534841862,0.0323713940189832,1.7857071112032,73,2673,0.0273101384212495,0.0586588026372355,2.14787643081275
Southern,2020-06-13,2738,95325,1244485,Southern,291,15896,0.0183064921992954,0.0334045236153337,1.82473645150978,32,2449,0.0130665577786852,0.0257134477313909,1.96788229669301
Southern,2020-06-14,2770,97075,1244485,Southern,278,15299,0.0181711222955749,0.0319122253094941,1.75620552161852,32,1750,0.0182857142857143,0.0257134477313909,1.40620417281044
Southern,2020-06-15,2787,98416,1244485,Southern,258,15009,0.017189686188287,0.0296163817620484,1.72291579018056,17,1341,0.0126771066368382,0.0136602691073014,1.0775541689936
Southern,2020-06-16,2813,101671,1244485,Southern,245,15513,0.0157932056984465,0.0281240834562088,1.78077104757619,26,3255,0.00798771121351767,0.0208921762817551,2.61553976142742
Southern,2020-06-17,2852,103662,1244485,Southern,250,15076,0.0165826479172194,0.0286980443430702,1.73060686606451,39,1991,0.0195881466599699,0.0313382644226327,1.59985857603748
Southern,2020-06-18,2891,105873,1244485,Southern,258,15670,0.016464582003829,0.0296163817620484,1.79879341942364,39,2211,0.0176390773405699,0.0313382644226327,1.77663852919079
Western,2020-03-15,1,NA,795255,Western,NA,NA,NA,NA,NA,NA,NA,NA,NA,NA
Western,2020-03-16,1,NA,795255,Western,NA,NA,NA,NA,NA,0,NA,NA,0,NA
Western,2020-03-17,1,NA,795255,Western,NA,NA,NA,NA,NA,0,NA,NA,0,NA
Western,2020-03-18,2,NA,795255,Western,NA,NA,NA,NA,NA,1,NA,NA,0.00125745829953914,NA
Western,2020-03-19,4,NA,795255,Western,NA,NA,NA,NA,NA,2,NA,NA,0.00251491659907828,NA
Western,2020-03-20,11,NA,795255,Western,NA,NA,NA,NA,NA,7,NA,NA,0.00880220809677399,NA
Western,2020-03-21,13,NA,795255,Western,NA,NA,NA,NA,NA,2,NA,NA,0.00251491659907828,NA
Western,2020-03-22,15,NA,795255,Western,14,NA,NA,0.00251491659907828,NA,2,NA,NA,0.00251491659907828,NA
Western,2020-03-23,19,NA,795255,Western,18,NA,NA,0.00323346419881494,NA,4,NA,NA,0.00502983319815657,NA
Western,2020-03-24,22,NA,795255,Western,21,NA,NA,0.00377237489861743,NA,3,NA,NA,0.00377237489861742,NA
Western,2020-03-25,29,NA,795255,Western,27,NA,NA,0.0048501962982224,NA,7,NA,NA,0.00880220809677399,NA
Western,2020-03-26,33,NA,795255,Western,29,NA,NA,0.00520947009809073,NA,4,NA,NA,0.00502983319815657,NA
Western,2020-03-27,42,NA,795255,Western,31,NA,NA,0.00556874389795906,NA,9,NA,NA,0.0113171246958523,NA
Western,2020-03-28,46,NA,795255,Western,33,NA,NA,0.00592801769782738,NA,4,NA,NA,0.00502983319815657,NA
Western,2020-03-29,50,NA,795255,Western,35,NA,NA,0.00628729149769571,NA,4,NA,NA,0.00502983319815657,NA
Western,2020-03-30,58,2393,795255,Western,39,NA,NA,0.00700583909743236,NA,8,NA,NA,0.0100596663963131,NA
Western,2020-03-31,67,2725,795255,Western,45,NA,NA,0.00808366049703734,NA,9,332,0.0271084337349398,0.0113171246958523,0.417476155446995
Western,2020-04-01,73,2955,795255,Western,44,NA,NA,0.00790402359710317,NA,6,230,0.0260869565217391,0.00754474979723485,0.289215408894003
Western,2020-04-02,80,3079,795255,Western,47,NA,NA,0.00844293429690566,NA,7,124,0.0564516129032258,0.00880220809677399,0.155924829142854
Western,2020-04-03,92,3731,795255,Western,50,NA,NA,0.00898184499670815,NA,12,652,0.0184049079754601,0.0150894995944697,0.81986281129952
Western,2020-04-04,101,4017,795255,Western,55,NA,NA,0.00988002949637897,NA,9,286,0.0314685314685315,0.0113171246958523,0.359633073668194
Western,2020-04-05,108,4426,795255,Western,58,NA,NA,0.0104189401961815,NA,7,409,0.0171149144254279,0.00880220809677399,0.514300444511509
Western,2020-04-06,111,4660,795255,Western,53,2267,0.023378914865461,0.00952075569651064,0.407236852150748,3,234,0.0128205128205128,0.00377237489861742,0.294245242092159
Western,2020-04-07,111,4795,795255,Western,44,2070,0.021256038647343,0.00790402359710317,0.371848382863718,0,135,0,0,0.169756870437784
Western,2020-04-08,115,5077,795255,Western,42,2122,0.0197926484448633,0.00754474979723485,0.381189501660294,4,282,0.0141843971631206,0.00502983319815657,0.354603240470038
Western,2020-04-09,120,5320,795255,Western,40,2241,0.0178491744756805,0.00718547599736652,0.402566292752459,5,243,0.0205761316872428,0.00628729149769571,0.305562366788011
Western,2020-04-10,131,5754,795255,Western,39,2023,0.0192782995551162,0.00700583909743236,0.363405448566812,11,434,0.0253456221198157,0.0138320412949306,0.545736901999987
Western,2020-04-11,134,5973,795255,Western,33,1956,0.0168711656441718,0.00592801769782738,0.351369776271223,3,219,0.0136986301369863,0.00377237489861742,0.275383367599072
Western,2020-04-12,140,6184,795255,Western,32,1758,0.0182025028441411,0.00574838079789322,0.315801670084259,6,211,0.028436018957346,0.00754474979723485,0.265323701202759
Western,2020-04-13,141,6328,795255,Western,30,1668,0.0179856115107914,0.00538910699802489,0.299634349090184,1,144,0.00694444444444444,0.00125745829953914,0.181073995133636
Western,2020-04-14,143,6630,795255,Western,32,1835,0.0174386920980926,0.00574838079789322,0.329633711379189,2,302,0.00662251655629139,0.00251491659907828,0.379752406460821
Western,2020-04-15,146,6882,795255,Western,31,1805,0.0171745152354571,0.00556874389795906,0.324244604381164,3,252,0.0119047619047619,0.00377237489861742,0.316879491483864
Western,2020-04-16,152,7132,795255,Western,32,1812,0.0176600441501104,0.00574838079789322,0.325502062680703,6,250,0.024,0.00754474979723485,0.314364574884785
Western,2020-04-17,156,7376,795255,Western,25,1622,0.0154130702836005,0.00449092249835408,0.291371051693212,4,244,0.0163934426229508,0.00502983319815657,0.306819825087551
Western,2020-04-18,160,7703,795255,Western,26,1730,0.015028901734104,0.00467055939828824,0.310771836886102,4,327,0.0122324159021407,0.00502983319815657,0.411188863949299
Western,2020-04-19,163,7887,795255,Western,23,1703,0.0135055783910746,0.00413164869848575,0.30592164058788,3,184,0.016304347826087,0.00377237489861742,0.231372327115202
Western,2020-04-20,163,8051,795255,Western,22,1723,0.0127684271619269,0.00395201179855159,0.309514378586563,0,164,0,0,0.206223161124419
Western,2020-04-21,165,8268,795255,Western,22,1638,0.0134310134310134,0.00395201179855159,0.294245242092159,2,217,0.00921658986175115,0.00251491659907828,0.272868450999994
Western,2020-04-22,168,8650,795255,Western,22,1768,0.0124434389140271,0.00395201179855159,0.3175980390836,3,382,0.00785340314136126,0.00377237489861742,0.480349070423952
Western,2020-04-23,171,8950,795255,Western,19,1818,0.0104510451045105,0.0034131010987491,0.326579884080309,3,300,0.01,0.00377237489861742,0.377237489861742
Western,2020-04-24,173,9291,795255,Western,17,1915,0.00887728459530026,0.00305382729888077,0.344004663373922,2,341,0.00586510263929619,0.00251491659907828,0.428793280142847
Western,2020-04-25,175,9589,795255,Western,15,1886,0.00795334040296925,0.00269455349901245,0.338795193275832,2,298,0.00671140939597315,0.00251491659907828,0.374722573262664
Western,2020-04-26,177,9870,795255,Western,14,1983,0.00706001008572869,0.00251491659907828,0.356219972569445,2,281,0.00711743772241993,0.00251491659907828,0.353345782170499
Western,2020-04-27,177,10185,795255,Western,14,2134,0.00656044985941893,0.00251491659907828,0.383345144459504,0,315,0,0,0.39609936435483
Western,2020-04-28,182,10360,795255,Western,17,2092,0.00812619502868069,0.00305382729888077,0.375800394662269,5,175,0.0285714285714286,0.00628729149769571,0.22005520241935
Western,2020-04-29,183,10663,795255,Western,15,2013,0.00745156482861401,0.00269455349901245,0.36160907956747,1,303,0.0033003300330033,0.00125745829953914,0.38100986476036
Western,2020-04-30,190,11088,795255,Western,19,2138,0.00888681010289991,0.0034131010987491,0.384063692059241,7,425,0.0164705882352941,0.00880220809677399,0.534419777304135
Western,2020-05-01,191,11429,795255,Western,18,2138,0.00841908325537886,0.00323346419881494,0.384063692059241,1,341,0.00293255131964809,0.00125745829953914,0.428793280142847
Western,2020-05-02,200,11808,795255,Western,25,2219,0.0112663361874718,0.00449092249835408,0.398614280953908,9,379,0.0237467018469657,0.0113171246958523,0.476576695525335
Western,2020-05-03,209,12192,795255,Western,32,2322,0.0137812230835487,0.00574838079789322,0.417116881647127,9,384,0.0234375,0.0113171246958523,0.48286398702303
Western,2020-05-04,220,12681,795255,Western,43,2496,0.0172275641025641,0.00772438669716901,0.448373702235671,11,489,0.0224948875255624,0.0138320412949306,0.61489710847464
Western,2020-05-05,225,13100,795255,Western,43,2740,0.0156934306569343,0.00772438669716901,0.492205105819607,5,419,0.0119331742243437,0.00628729149769571,0.5268750275069
Western,2020-05-06,236,13695,795255,Western,53,3032,0.0174802110817942,0.00952075569651064,0.544659080600382,11,595,0.0184873949579832,0.0138320412949306,0.748187688225789
Western,2020-05-07,241,14409,795255,Western,51,3321,0.015356820234869,0.00916148189664232,0.596574144681356,5,714,0.00700280112044818,0.00628729149769571,0.897825225870947
Western,2020-05-08,250,15087,795255,Western,59,3658,0.0161290322580645,0.0105985770961156,0.657111779959169,9,678,0.0132743362831858,0.0113171246958523,0.852556727087538
Western,2020-05-09,259,15793,795255,Western,59,3985,0.0148055207026349,0.0105985770961156,0.71585304623764,9,706,0.0127478753541076,0.0113171246958523,0.887765559474634
Western,2020-05-10,262,16209,795255,Western,53,4017,0.013193925815285,0.00952075569651064,0.721601427035533,3,416,0.00721153846153846,0.00377237489861742,0.523102652608283
Western,2020-05-11,270,16604,795255,Western,50,3923,0.012745347947999,0.00898184499670815,0.704715558441722,8,395,0.020253164556962,0.0100596663963131,0.496696028317961
Western,2020-05-12,280,17390,795255,Western,55,4290,0.0128205128205128,0.00988002949637897,0.77064230071756,10,786,0.0127226463104326,0.0125745829953914,0.988362223437765
Western,2020-05-13,291,18291,795255,Western,55,4596,0.0119669277632724,0.00988002949637897,0.825611192097414,11,901,0.0122086570477248,0.0138320412949306,1.13296992788477
Western,2020-05-14,307,19167,795255,Western,66,4758,0.0138713745271122,0.0118560353956548,0.854712369886748,16,876,0.0182648401826484,0.0201193327926263,1.10153347039629
Western,2020-05-15,319,19654,795255,Western,69,4567,0.0151083862491789,0.0123949460954573,0.820401721999323,12,487,0.0246406570841889,0.0150894995944697,0.612382191875562
Western,2020-05-16,327,20243,795255,Western,68,4450,0.0152808988764045,0.0122153091955231,0.799384204707026,8,589,0.0135823429541596,0.0100596663963131,0.740642938428554
Western,2020-05-17,342,21246,795255,Western,80,5037,0.0158824697240421,0.014370951994733,0.90483106496838,15,1003,0.0149551345962114,0.0188618744930871,1.26123067443776
Western,2020-05-18,355,21751,795255,Western,85,5147,0.0165144744511366,0.0152691364944039,0.924591123961137,13,505,0.0257425742574257,0.0163469578940088,0.635016441267267
Western,2020-05-19,367,22147,795255,Western,87,4757,0.0182888375026277,0.0156284102942722,0.854532732986814,12,396,0.0303030303030303,0.0150894995944697,0.4979534866175
Western,2020-05-20,379,22707,795255,Western,88,4416,0.0199275362318841,0.0158080471942063,0.793276550109264,12,560,0.0214285714285714,0.0150894995944697,0.704176647741919
Western,2020-05-21,400,23542,795255,Western,93,4375,0.0212571428571429,0.0167062316938772,0.785911437211963,21,835,0.0251497005988024,0.026406624290322,1.04997768011518
Western,2020-05-22,419,24359,795255,Western,100,4705,0.0212539851222104,0.0179636899934163,0.845191614190237,19,817,0.0232558139534884,0.0238917076912437,1.02734343072348
Western,2020-05-23,439,25062,795255,Western,112,4819,0.0232413363768417,0.0201193327926263,0.865670220782732,20,703,0.0284495021337127,0.0251491659907828,0.883993184576016
Western,2020-05-24,457,25750,795255,Western,115,4504,0.0255328596802842,0.0206582434924288,0.80908459730347,18,688,0.0261627906976744,0.0226342493917045,0.865131310082929
Western,2020-05-25,469,26650,795255,Western,114,4899,0.0232700551132884,0.0204786065924946,0.880041172777465,12,900,0.0133333333333333,0.0150894995944697,1.13171246958523
Western,2020-05-26,478,27335,795255,Western,111,5188,0.0213955281418658,0.0199396958926921,0.931956236858438,9,685,0.0131386861313869,0.0113171246958523,0.861358935184312
Western,2020-05-27,486,28431,795255,Western,107,5724,0.0186932215234102,0.0192211482929555,1.02824161522315,8,1096,0.0072992700729927,0.0100596663963131,1.3781742962949
Western,2020-05-28,495,29526,795255,Western,95,5984,0.0158756684491979,0.0170655054937455,1.07494720920603,9,1095,0.00821917808219178,0.0113171246958523,1.37691683799536
Western,2020-05-29,514,31150,795255,Western,95,6791,0.0139891032248564,0.0170655054937455,1.2199141874529,19,1624,0.0116995073891626,0.0238917076912437,2.04211227845157
Western,2020-05-30,526,32002,795255,Western,87,6940,0.012536023054755,0.0156284102942722,1.24668008554309,12,852,0.0140845070422535,0.0150894995944697,1.07135447120735
Western,2020-05-31,533,33034,795255,Western,76,7284,0.0104338275672707,0.0136524043949964,1.30847517912044,7,1032,0.00678294573643411,0.00880220809677399,1.29769696512439
Western,2020-06-01,548,33710,795255,Western,79,7060,0.0111898016997167,0.0141913150947989,1.26823651353519,15,676,0.022189349112426,0.0188618744930871,0.85004181048846
Western,2020-06-02,562,35265,795255,Western,84,7930,0.0105926860025221,0.0150894995944697,1.42452061647791,14,1555,0.0090032154340836,0.017604416193548,1.95534765578337
Western,2020-06-03,576,37344,795255,Western,90,8913,0.010097610232245,0.0161673209940747,1.6011036891132,14,2079,0.00673400673400673,0.017604416193548,2.61425580474188
Western,2020-06-04,597,39029,795255,Western,102,9503,0.0107334525939177,0.0183229637932846,1.70708946007435,21,1685,0.0124629080118694,0.026406624290322,2.11881723472345
Western,2020-06-05,614,40391,795255,Western,100,9241,0.0108213396818526,0.0179636899934163,1.6600245922916,17,1362,0.0124816446402349,0.0213767910921654,1.71265820397231
Western,2020-06-06,634,41497,795255,Western,108,9495,0.0113744075829384,0.0194007851928896,1.70565236487488,20,1106,0.0180831826401447,0.0251491659907828,1.39074887929029
Western,2020-06-07,642,42435,795255,Western,109,9401,0.0115945112222104,0.0195804220928238,1.68876649628107,8,938,0.00852878464818763,0.0100596663963131,1.17949588496771
Western,2020-06-08,649,42921,795255,Western,101,9211,0.0109651503636956,0.0181433268933505,1.65463548529358,7,486,0.01440329218107,0.00880220809677399,0.611124733576023
Western,2020-06-09,663,43790,795255,Western,101,8525,0.0118475073313783,0.0181433268933505,1.53140457193874,14,869,0.0161104718066743,0.017604416193548,1.09273126229951
Western,2020-06-10,680,44860,795255,Western,104,7516,0.0138371474188398,0.018682237593153,1.35015093990517,17,1070,0.0158878504672897,0.0213767910921654,1.34548038050688
Western,2020-06-11,705,45944,795255,Western,108,6915,0.0156182212581345,0.0194007851928896,1.24218916304474,25,1084,0.0230627306273063,0.0314364574884785,1.36308479670043
Western,2020-06-12,732,46873,795255,Western,118,6482,0.0182042579450787,0.0211971541922312,1.16440638537325,27,929,0.0290635091496232,0.0339513740875568,1.16817876027186
Western,2020-06-13,754,47775,795255,Western,120,6278,0.0191143676330041,0.0215564279920996,1.12776045778668,22,902,0.024390243902439,0.0276640825898611,1.13422738618431
Western,2020-06-14,772,48382,795255,Western,130,5947,0.0218597612241466,0.0233527969914412,1.06830064390847,18,607,0.0296540362438221,0.0226342493917045,0.763277187820259
Western,2020-06-15,791,48954,795255,Western,142,6033,0.023537212000663,0.0255084397906512,1.08374941730281,19,572,0.0332167832167832,0.0238917076912437,0.719266147336389
Western,2020-06-16,818,49440,795255,Western,155,5650,0.0274336283185841,0.0278437194897953,1.01494848462802,27,486,0.0555555555555556,0.0339513740875568,0.611124733576023
Western,2020-06-17,855,51007,795255,Western,175,6147,0.0284691719537986,0.0314364574884785,1.1042280238953,37,1567,0.0236119974473516,0.0465259570829482,1.97043715537784
Western,2020-06-18,911,52009,795255,Western,206,6065,0.0339653751030503,0.0370052013864376,1.0894977981007,56,1002,0.0558882235528942,0.0704176647741919,1.25997321613822
